00_yaml_flatten	16
01_init	44
02_doctor_basic	91
03_update	121
04_start_check	48
05_handover	6
06_finish	26
07_watch	98
08_no_forbidden_constructs	1
09_site_mobile_first	192
100_environment	1
100_execution_plane	4
101_command_graph	7
102_completion_shell	1
103_obligations	50
103_release_projection	23
104_published_site	1
104_strict_derivation	4
106_context_peers	11
107_design_tokens	3
107_runtime_staleness_is_loud	6
108_entry_converges_on_a_server	6
108_scope_after_trunk_merge	6
109_design_system	8
10_site_data	1433
110_lease_reader	4
111_session_per_provider	116
112_version_matches_surface	21
113_clean_owns_its_target	2
113_shared_server_survives_a_crash	3
114_two_worktrees_one_repository	7
115_server_state_drift	10
118_entry_converges_by_rule	8
11_site_derivation	1121
120_design_contrast	12
121_liveness_doctrine	1
122_liveness_gate	14
123_case_bound	6
124_evidence	53
125_rule_proof	17
127_briefing_freshness	147
128_the_subset_is_a_subset	76
129_executable_issues	24
12_site_build	370
12b_site_data_transactional	1492
12c_graph_data	981
130_archive	10
130_context_compiler	33
130_lifecycle_survives_a_stale_task	62
130_mesh	20
131_backlog_hygiene	1
131_completion_gates	436
131_freshness_has_an_age	1
131_models	23
132_coverage_differential	1
132_health_sees_a_stopped_writer	139
133_plan_transition	6
133_rule_graph	13
135_session_store_recovery	14
136_changed_files_classifier	7
138_governance_gates	6
139_release_record_schema	6
13_region_projection	30
140_prompt_continuity	134
14_wiring_dispatcher	68
150_server_sees_the_current_tree	6
15_command_surface	12
16_profiles	60
170_provider_lifecycle_declared	1
171_session_observability	4
17_doctrine_enforcement	43
180_publication_is_observed	4
181_local_is_never_published	3
182_sessions_published_are_the_records	1
18_doctrine_wiring	105
190_entry_is_automatic	11
190_graph_drawing	1
191_entry_races	11
192_entry_across_checkouts_and_clients	5
19_end_to_end	72
20_checkpoint	8
21_decision_question	44
220_exactly_once_close	41
221_the_lifecycle_under_concurrency	15
222_an_episode_nobody_ended	10
223_an_unsupported_schema_is_a_finding	16
224_continuity_crosses_machines	7
22_history	25
230_verdict_states_its_subject	2
23_context	35
240_the_session_domain_is_typed	3
241_merge_policy_claims_only_generator_output	1
24_prompt_search	31
250_the_board_is_repository_wide	4
25_continuity_lifecycle	42
26_ci_wiring	11
271_adr_allocation	40
272_diagrams_are_drawn	1
273_navigation_is_declared_once	2
274_commit_policy	18
275_publication_is_current	24
276_disk_is_bounded	2
277_entities_are_routable	19
278_the_gate_runner_clears_the_share	1
279_the_publication_age_is_the_oldest_debt	1
27_foreign_task	15
280_capture_status_states_its_denominator	5
281_published_order_is_tracked	1
282_the_ledger_envelope_is_reserved	26
284_a_record_reads_the_whole_declaration	20
28_catalogue	166
28_no_hardcoded_values	13
29_prompt_capture	114
30_command_registry	2
310_rustdoc_projection	1
318_a_partial_sweep_says_so	45
31_command_coverage	3
32_refusal_lifecycle	17
32_schema_integrity	78
330_a_contract_is_the_kind_it_declares	3
333_homepage_narrative	3
334_ui_audit_hears_uncaught_errors	3
335_every_link_resolves	3
336_every_control_is_claimed	1
337_every_control_does_what_it_says	13
33_event_registry	3
33_stale_executable	13
349_a_step_reports_its_own_time	2
34_command_fixtures	313
350_the_queue_measures_itself	1
352_the_version_the_site_shows_is_one_you_can_get	1
354_a_lease_contest_is_judged_by_a_declaration	1
357_ci_records_evidence	4
358_entry_reports_only_evidence	3
359_live_scenarios	9
35_future_command	323
360_the_crate_boundary_is_measured	3
365_new_shell_is_refused	4
366_automation_inventory_agrees_with_the_tree	3
368_mesh_handover_resolves	12
36_command_doctrines	154
373_delivery_is_computed	5
374_delivery_unknown_is_not_delivered	7
37_responsibility_surface	929
384_a_deployment_is_evidence	17
389_cockpit_projection	1
390_unresolved_relation_refuses_generation	18
400_derivation_is_one_graph	78
401_the_rust_artifact_carries_its_provenance	1
402_argv_limit	1
403_published_translation	46
404_refused_files_are_named	4
40_project_model	3
413_a_skipped_case_is_not_a_proof	17
414_mesh_lab_evidence	2
417_the_suite_finishes_inside_its_bound	1
41_project_status	6
42_dag_waves	4
430_economics	92
431_economics_claims_gated	118
43_plan_command	8
44_model_doctrine	131
45_github_projection	21
46_cross_surface	391
47_mutation	131
484_the_version_is_authored_once	22
486_rustdoc_composition	409
487_rustdoc_staleness	23
488_rustdoc_discoverable	17
489_rustdoc_deploy	240
48_roadmap_graph	16
490_rustdoc_new_module	16
491_the_mesh_is_on_here	20
492_rustdoc_module_links	28
493_mesh_compaction_keeps_what_is_live	109
49_roadmap_doctrine	79
500_docs_index	5
501_verdict_words_are_status_words	3
503_every_use_case_has_a_feature	90
504_public_text_is_redacted_once	8
50_blocker_across_handover	26
51_derived_artifacts_committed	771
52_generated_artifact_typing	29
531_an_entity_names_its_public_page	16
532_the_mcp_reference_links_its_capabilities	13
533_source_links_name_the_built_commit	4
534_the_overview_answers_four_questions	9
535_content_links_name_the_built_commit	1
536_the_coverage_gate_names_the_failing_test	1
53_status_vocabulary	7
540_the_cockpit_says_only_what_it_knows	16
543_a_declared_guarantee_is_not_coloured_as_proven	1
544_the_homepage_counts_declared_apart_from_supported	1
545_every_answer_says_when_it_was_observed	7
546_a_statistic_names_the_capability_it_asked	2
547_the_ui_says_only_what_is_derived	3
54_session_lifecycle_hooks	73
552_coverage_is_recorded_for_the_preflight	3
55_session_context	101
56_derived_current_gate	134
57_derived_merge_driver	1
58_home_path_gate	1
593_generation_states_its_subject	564
59_reference_integrity	4
60_session_lifecycle	8
61_session_envelope	14
62_session_divergence	13
63_session_records	84
64_knowledge_discovery	9
65_tool_root_independence	28
66_migrate_legacy	34
67_rule_dag	38
68_ai_discovery	15
69_context_documents	215
70_context_impact	16
71_context_sync	11
72_rust_mcp	7
73_knowledge_nodes	13
74_knowledge_edges	21
75_knowledge_mutation	15
76_capabilities_projections	57
77_rust_evidence	1438
79_bench_command	16
80_bench_persistence	7
810_a_feature_is_explored_under_its_domain	390
81_bench_baseline	2
82_bench_check	14
83_doctor_budget	33
84_deployment_contract	313
84_distribution_model	114
84_web_surfaces	4
85_deployment_bind	6
85_installer	567
85_ui_conformance	3
86_deployment_projections	6
86_installer_platform	10
87_release_pipeline	71
87b_release_archive_shape	114
88_rust_command_tested	6
89_web_surface	8
90_mcp_shared_server	8
910_nothing_merges_around_the_integrator	14
911_repair_decides_and_moves_nothing	19
912_repair_acts_under_the_lease_and_the_trail	39
91_canonical_architecture	598
92_openapi_reference	65
93_rust_provider_projections	78
93_schema_integrity	100
93_scope_policy	84
93_workspace_kind	3
94_ci_plan	209
94_use_cases	398
95_executable_reference	2068
95_skills	1940
96_rust_public_api_quality	15
96_site_deploy	483
96_worktree_topology	136
97_development_semantics_gate	2
97_github_gate	7
97_install_gate	198
97_pages_fast_path	450
97_product_features	51
97_site_probe_attribution	10
97_vendor_evidence	78
98_cli_reference	29
98_traceability	11
98_why_catalogue	15
99_adr	268
99_canonical_order	7
99_plan_capabilities	105
99_work_graph_chain	14
